customer_id,name,email,phone,city,join_date
CUST-10000,Ojas Dua,vhayre@example.org,+915635457222,Sharjah,2025-10-12
CUST-10001,Rehaan Subramaniam,hredhaan02@example.com,4738107247,Dubai,2025-01-27
CUST-10002,Naveen Sengupta,vyanjanapal@example.net,4127397183,Ajman,2025-04-06
CUST-10003,Yashvi Narayanan,abeerpillai@example.com,+912808739063,Sharjah,2025-11-16
CUST-10004,Om Karnik,skota@example.org,7169738831,Abu Dhabi,2024-05-10
CUST-10005,Jagvi Kamdar,wyattperi@example.com,+914946117956,Abu Dhabi,2025-08-15
CUST-10006,Chanakya Acharya,yugbajaj@example.org,09773612353,Sharjah,2024-11-01
CUST-10007,Keya Gokhale,om74@example.org,+910883938823,Abu Dhabi,2025-01-25
CUST-10008,Krish Mannan,urvashibumb@example.net,00782470434,Dubai,2025-11-18
CUST-10009,Yatin Bora,bhavya58@example.com,05204022128,Ajman,2025-10-28
CUST-10010,Madhavi Rattan,jagdishissac@example.net,4742189469,Ajman,2025-07-28
CUST-10011,Chandani Ganguly,cdube@example.com,6114746124,Dubai,2025-12-09
CUST-10012,Jagrati Sant,skannan@example.net,+916714318042,Ajman,2025-08-07
CUST-10013,Aarnav Mani,mkeer@example.org,07814160389,Dubai,2024-08-30
CUST-10014,Madhavi Kaur,chadaindira@example.com,05151441254,Abu Dhabi,2025-11-14
CUST-10015,Frederick Srivastava,vighemangini@example.org,2885837635,Sharjah,2025-07-29
CUST-10016,Lila Devi,trivenisalvi@example.com,+917887257042,Sharjah,2025-06-15
CUST-10017,Aradhana Patel,laksh06@example.com,+919954029518,Abu Dhabi,2025-10-15
CUST-10018,Bahadurjit Sandhu,krish46@example.org,3249811490,Sharjah,2025-08-18
CUST-10019,Bimala Gaba,gpau@example.org,2149769860,Ajman,2024-06-01
CUST-10020,Lajita Vora,chakradevcomar@example.com,+912020995352,Abu Dhabi,2024-12-26
CUST-10021,Gabriel Sangha,hemanginisaha@example.org,+919708126094,Abu Dhabi,2025-08-16
CUST-10022,Girik Kapur,dhilloninaya@example.org,07731894286,Abu Dhabi,2024-11-10
CUST-10023,Aadi Datta,tejas31@example.com,4610664605,Abu Dhabi,2024-12-17
CUST-10024,Lajita Dhingra,chameli95@example.net,08487209611,Dubai,2024-10-02
CUST-10025,Lakshmi Mistry,wishihari@example.org,01766392020,Ajman,2025-07-16
CUST-10026,Waida Pillai,warhibhardwaj@example.org,5546025201,Abu Dhabi,2025-08-24
CUST-10027,Nilima Parikh,adityabora@example.net,0108138817,Abu Dhabi,2024-09-21
CUST-10028,Dipta Hegde,vihaansehgal@example.net,+912885700303,Dubai,2025-01-06
CUST-10029,Deepa Lall,eiravati78@example.com,+911082319973,Sharjah,2025-08-06
CUST-10030,Alexander Gola,mittalshaurya@example.org,+918603518800,Ajman,2026-01-24
CUST-10031,Zaitra Ben,zansirastogi@example.net,1327042762,Abu Dhabi,2026-03-09
CUST-10032,Akshay Sehgal,vivaanpandey@example.com,5109266448,Ajman,2025-02-01
CUST-10033,Chanchal Baral,ganeshdakshesh@example.com,01378475870,Ajman,2025-07-08
CUST-10034,Saksham Suri,vrastogi@example.com,+917350563448,Dubai,2026-04-11
CUST-10035,Alexander Krishnamurthy,gabrielmitter@example.com,01988339707,Ajman,2025-02-24
CUST-10036,Ubika Sachdeva,vinaya98@example.com,+911298791210,Sharjah,2024-08-17
CUST-10037,Meghana Balakrishnan,zdar@example.com,07071204689,Dubai,2024-09-05
CUST-10038,Balhaar Agrawal,ezachariah@example.org,4488922001,Ajman,2024-12-08
CUST-10039,Jhalak Bahri,darshshere@example.net,02780123714,Ajman,2026-01-14
CUST-10040,Ekaraj Jha,settyaishani@example.com,09565225646,Sharjah,2025-06-20
CUST-10041,Janani Brar,kamala97@example.com,06650820489,Dubai,2024-06-28
CUST-10042,Vivaan Chaudhari,bainskevin@example.org,3149278177,Sharjah,2024-08-07
CUST-10043,Forum Rama,bhavya47@example.com,+913185552295,Sharjah,2024-12-19
CUST-10044,Kavya Narula,ebora@example.org,3601031988,Sharjah,2025-08-02
CUST-10045,Pallavi Hari,pvenkatesh@example.com,+913996141437,Ajman,2024-12-25
CUST-10046,Jalsa Chander,dayamaisur@example.net,9217540139,Abu Dhabi,2024-10-19
CUST-10047,George Nath,sankaranbanjeet@example.net,00713759344,Abu Dhabi,2025-08-28
CUST-10048,Avni Joshi,aarushhans@example.org,0327367251,Abu Dhabi,2025-02-01
CUST-10049,Radha Tella,mandaishanvi@example.net,07516030373,Abu Dhabi,2024-12-24
CUST-10050,Bina Rai,idada@example.org,00548573250,Sharjah,2025-09-30
CUST-10051,Tanay Kara,oommenindali@example.com,03999595915,Abu Dhabi,2025-03-21
CUST-10052,Aarav Chacko,charles04@example.com,6704069236,Abu Dhabi,2024-10-20
CUST-10053,Mitesh Dubey,nmorar@example.org,4221574143,Dubai,2026-02-13
CUST-10054,Zarna Nath,upkaar18@example.com,5421042083,Abu Dhabi,2024-08-19
CUST-10055,Quincy Om,chawlawilliam@example.com,00413475378,Dubai,2024-06-20
CUST-10056,Isaac Sachar,nandini68@example.com,+914196508460,Ajman,2025-03-26
CUST-10057,Ronith Parmar,karpekashish@example.org,04975972784,Abu Dhabi,2025-05-30
CUST-10058,Udarsh Ranganathan,riyasrinivas@example.net,+918164962953,Dubai,2024-10-20
CUST-10059,Raagini Kade,jagatsarin@example.net,5166616083,Ajman,2026-01-05
CUST-10060,Guneet Thaman,manejai@example.net,+917417653000,Sharjah,2025-11-30
CUST-10061,Pooja Luthra,batraaadhya@example.net,08267154187,Abu Dhabi,2024-11-07
CUST-10062,Ekaraj Walia,hvyas@example.org,8765527868,Sharjah,2024-07-18
CUST-10063,Ronith Lal,esuri@example.org,9402678212,Dubai,2025-05-06
CUST-10064,Zaitra Kurian,sachishukla@example.com,+912484715428,Sharjah,2026-03-24
CUST-10065,Divya Wason,elijah39@example.net,04693497696,Sharjah,2025-11-27
CUST-10066,Yachana Naik,deviupadhriti@example.org,6783681701,Ajman,2025-12-17
CUST-10067,Warinder Nagar,nihal35@example.com,6185312616,Dubai,2025-04-16
CUST-10068,Indira Sampath,atharv34@example.net,08754137518,Abu Dhabi,2025-06-16
CUST-10069,Bhavna Mistry,sainitristan@example.org,06238945568,Dubai,2026-01-19
CUST-10070,Daksh Sha,nachiketratta@example.com,9360045192,Dubai,2026-01-25
CUST-10071,Vasatika Thaman,benrajeshri@example.com,8802550069,Abu Dhabi,2026-02-16
CUST-10072,Dalbir Lata,nidra53@example.net,4905661083,Ajman,2026-01-06
CUST-10073,Nisha Raghavan,amerchant@example.com,7375723506,Sharjah,2025-02-24
CUST-10074,Tanveer Dayal,balendra80@example.org,00735896501,Abu Dhabi,2024-10-06
CUST-10075,Amaira Pillay,ishaanandra@example.com,1028039511,Dubai,2025-07-23
CUST-10076,Gopal Mukhopadhyay,cmitra@example.org,2033981308,Sharjah,2024-10-25
CUST-10077,Frado Nanda,isaac81@example.net,+912218621247,Abu Dhabi,2024-09-03
CUST-10078,Omisha Bhandari,semhardik@example.com,3670894006,Sharjah,2026-03-08
CUST-10079,Nilima Sinha,dbhasin@example.net,8037220824,Sharjah,2025-12-01
CUST-10080,Bahadurjit Hans,wishisrinivas@example.com,+913736232737,Abu Dhabi,2025-03-09
CUST-10081,Widisha Tara,loyalkamya@example.org,+918641998952,Abu Dhabi,2024-12-25
CUST-10082,Aishani Memon,turvidugar@example.org,+914760791491,Sharjah,2025-03-13
CUST-10083,Harish Narayan,okhurana@example.org,+911744454783,Sharjah,2024-06-12
CUST-10084,Sara Uppal,ekapad71@example.org,+912076532938,Sharjah,2024-11-24
CUST-10085,Aishani Nadig,lila64@example.org,+911046387164,Sharjah,2024-08-30
CUST-10086,Jeet Sagar,vasudhaganesan@example.org,9975547804,Ajman,2024-05-14
CUST-10087,Maanas Amble,zachariahluke@example.net,02421091113,Sharjah,2025-03-26
CUST-10088,Gunbir Vyas,sanghagaurika@example.org,01635924538,Sharjah,2025-11-09
CUST-10089,Gauri Prashad,goswamiansh@example.com,+914586488171,Dubai,2024-11-14
CUST-10090,Balhaar Rajagopal,teerth75@example.com,5280990590,Ajman,2025-08-14
CUST-10091,Onveer Kala,mannaryan@example.com,5388336957,Dubai,2025-08-26
CUST-10092,Forum Dewan,orinder93@example.com,+916779171568,Ajman,2025-01-28
CUST-10093,Gaurangi Bora,aishanisarna@example.com,+914833712665,Ajman,2025-01-01
CUST-10094,Tejas Bali,dewansanya@example.org,+919143636626,Ajman,2025-07-17
CUST-10095,Nisha Srivastava,warriorekalinga@example.net,+914253997076,Sharjah,2025-03-26
CUST-10096,Ayaan De,ishanvi34@example.com,+917821137073,Ajman,2025-07-02
CUST-10097,Urvi Padmanabhan,nimratsaxena@example.org,06265726587,Sharjah,2024-06-16
CUST-10098,Vansha Dube,gaurangikhare@example.com,00060998793,Ajman,2024-08-01
CUST-10099,Lajita Patla,qasim23@example.net,08787362175,Ajman,2024-06-04
CUST-10100,Lila Bal,lila47@example.net,07746168495,Abu Dhabi,2025-08-27
CUST-10101,Kavya Raman,nagaraachal@example.org,2248104091,Ajman,2025-03-21
CUST-10102,Ishanvi Som,mohammed48@example.org,+915714787234,Ajman,2026-04-25
CUST-10103,Kashvi Kannan,radhakrishnanfariq@example.net,+910362435485,Ajman,2026-03-26
CUST-10104,Warinder Devan,bmajumdar@example.org,01916775389,Abu Dhabi,2026-03-20
CUST-10105,Guneet Loke,bhagatbhavani@example.org,04031555185,Ajman,2024-06-22
CUST-10106,Widisha Chaudhry,jdash@example.org,+913404997753,Dubai,2024-06-08
CUST-10107,Charan Upadhyay,misraranveer@example.com,+919714341547,Sharjah,2025-06-03
CUST-10108,Gaurav Rama,settybahadurjit@example.net,02503534267,Abu Dhabi,2025-02-15
CUST-10109,Nikita Edwin,gabaaadi@example.com,4037244931,Ajman,2025-09-10
CUST-10110,Hemani Khosla,bhavinirege@example.org,05351967064,Sharjah,2025-05-09
CUST-10111,Raghav Shan,jvohra@example.org,+914932278721,Abu Dhabi,2025-12-18
CUST-10112,Krishna Swaminathan,qdua@example.net,9300611079,Sharjah,2026-01-20
CUST-10113,Vincent Nayak,ugokhale@example.com,6975979175,Dubai,2025-06-19
CUST-10114,Yashica Vora,brarhema@example.org,8526927539,Dubai,2024-09-15
CUST-10115,Yatin Tata,ranbirparekh@example.org,04974867354,Ajman,2026-05-02
CUST-10116,Hiral Bassi,tperi@example.org,00463878920,Abu Dhabi,2025-06-29
CUST-10117,Garima Pal,mohammedchatterjee@example.org,3971375056,Sharjah,2024-09-09
CUST-10118,Harshil Toor,idika63@example.com,07258185301,Dubai,2026-04-03
CUST-10119,Zaitra Subramanian,ptailor@example.net,+918843826491,Sharjah,2025-02-17
CUST-10120,Liam Goswami,qray@example.net,4708915165,Dubai,2025-09-02
CUST-10121,Lila Khatri,qarinbalasubramanian@example.net,5023936968,Abu Dhabi,2025-07-17
CUST-10122,Samar Aurora,gsarma@example.net,+919966053328,Ajman,2025-11-18
CUST-10123,Warhi Samra,rohandalal@example.org,08014610622,Sharjah,2024-09-12
CUST-10124,Peter Kaul,iborah@example.net,01915329272,Sharjah,2025-03-09
CUST-10125,Yadavi Mann,manerayaan@example.org,3040076841,Dubai,2025-10-13
CUST-10126,Nathan Vig,qpradhan@example.org,04147573278,Ajman,2024-12-07
CUST-10127,Saksham Reddy,chaudhryanvi@example.com,4246037711,Abu Dhabi,2025-12-02
CUST-10128,Janya Chada,agoel@example.org,4235885020,Abu Dhabi,2026-03-29
CUST-10129,Tanmayi Narasimhan,rajeshriraman@example.org,+911809169871,Dubai,2025-07-17
CUST-10130,Vasana Warrior,yashvisengupta@example.com,9265134049,Sharjah,2025-01-08
CUST-10131,Nirja Dugar,ekiya72@example.org,+913274387160,Ajman,2025-02-26
CUST-10132,Oeshi Murty,dgill@example.com,+911700426426,Ajman,2025-03-23
CUST-10133,Falak Rao,lakshapte@example.com,6909024792,Sharjah,2024-12-29
CUST-10134,Onkar Taneja,roynimrat@example.org,03728723313,Abu Dhabi,2025-12-26
CUST-10135,Divya Bail,devansh94@example.org,+912561115138,Abu Dhabi,2024-12-03
CUST-10136,Anirudh Baral,ayushraj@example.com,04020830102,Dubai,2025-04-28
CUST-10137,Pallavi Subramanian,lprabhu@example.net,09292423904,Ajman,2024-11-28
CUST-10138,Samuel Mammen,finn98@example.net,09386484838,Sharjah,2025-09-03
CUST-10139,Champak Oza,bajwarachana@example.com,+918714040543,Abu Dhabi,2025-05-05
CUST-10140,Jagat Panchal,radha20@example.com,07395268939,Ajman,2025-06-15
CUST-10141,Barkha Majumdar,praneelcontractor@example.net,+919765771763,Ajman,2024-11-22
CUST-10142,Aarna Devan,sneha37@example.com,5259359097,Dubai,2024-08-19
CUST-10143,Jairaj Bhalla,darpan04@example.org,0025600240,Ajman,2024-07-12
CUST-10144,Warjas Grewal,champakkunda@example.net,+911013019711,Sharjah,2025-12-27
CUST-10145,Aarna Chada,reddywarda@example.com,02760829599,Ajman,2025-10-11
CUST-10146,Vivaan Sane,ebalasubramanian@example.com,7224196385,Sharjah,2024-08-29
CUST-10147,Warda Morar,ati41@example.net,2163032625,Abu Dhabi,2025-10-07
CUST-10148,Kashish Palan,vrinda67@example.net,+912054718814,Ajman,2025-07-06
CUST-10149,Manthan Hans,cvala@example.com,2732300498,Ajman,2025-01-25
CUST-10150,Ekalinga Muni,masondixit@example.net,02981977222,Ajman,2025-10-09
CUST-10151,Owen Mand,sprakash@example.org,8883087762,Dubai,2026-01-04
CUST-10152,Darpan Edwin,bkhanna@example.com,02004221272,Dubai,2025-05-24
CUST-10153,Aarini Brar,narasimhaninaya@example.org,5813162473,Dubai,2024-10-01
CUST-10154,Yatin Bassi,zsubramaniam@example.com,9135117325,Ajman,2025-10-06
CUST-10155,Sudiksha Nath,bobalvrishti@example.org,0839726858,Dubai,2025-07-09
CUST-10156,Jeremiah Sawhney,cherianfrado@example.org,08350763534,Ajman,2025-02-12
CUST-10157,Ekbal Halder,aradhanagolla@example.net,+918687041162,Ajman,2025-06-04
CUST-10158,Warda Pillay,charlesnaidu@example.org,08800927904,Abu Dhabi,2025-10-15
CUST-10159,Laksh Bumb,tanmayi64@example.org,05628204461,Dubai,2025-06-06
CUST-10160,Jagdish Venkatesh,qkrish@example.net,0371900826,Abu Dhabi,2025-04-03
CUST-10161,Sai Rana,jsachar@example.org,01093123208,Ajman,2026-01-05
CUST-10162,Falan Bath,rkonda@example.net,4423012222,Sharjah,2026-03-29
CUST-10163,Chatresh Sarna,sacharyashoda@example.com,+915260650850,Abu Dhabi,2025-02-20
CUST-10164,Wakeeta Chakrabarti,ayogi@example.org,08911771392,Ajman,2025-09-04
CUST-10165,Dev Balasubramanian,mitalikaul@example.org,+919507889639,Ajman,2026-04-28
CUST-10166,Aryan Sawhney,pbail@example.net,02109967358,Dubai,2024-08-16
CUST-10167,Tejas Nori,misranilima@example.org,+910833542079,Sharjah,2025-10-24
CUST-10168,Isaac Sami,vpall@example.net,2880415928,Abu Dhabi,2025-01-07
CUST-10169,Rajata Vora,omittal@example.net,6266190327,Abu Dhabi,2024-12-02
CUST-10170,Gagan Luthra,bachittarpall@example.net,00486651691,Sharjah,2026-02-04
CUST-10171,Lakshit Mangat,jacksonnadkarni@example.net,09209076627,Ajman,2024-05-08
CUST-10172,Rudra Dua,tgrewal@example.net,01003820791,Dubai,2025-12-03
CUST-10173,Indali Cherian,george55@example.org,+913763000525,Ajman,2024-05-25
CUST-10174,Gayathri Pingle,imaranraju@example.net,+910483664073,Abu Dhabi,2025-01-24
CUST-10175,Ishani Nadkarni,cdutt@example.org,00125447891,Ajman,2025-06-23
CUST-10176,Chandani Bains,janujataneja@example.com,07898174671,Dubai,2024-09-08
CUST-10177,Shravya Kara,lallaveda@example.net,+910664872415,Ajman,2025-11-08
CUST-10178,Christopher Bhatia,rajeshridesai@example.org,8408393178,Sharjah,2024-12-12
CUST-10179,Amara Chauhan,venkateshgautam@example.com,08487093427,Abu Dhabi,2024-06-29
CUST-10180,Yadavi Char,yadavi67@example.org,+914532447272,Sharjah,2025-02-19
CUST-10181,Charan Baral,bjani@example.com,3814604730,Abu Dhabi,2024-11-27
CUST-10182,Mahika Uppal,nakulmital@example.org,+910506998015,Dubai,2025-01-13
CUST-10183,Aachal Varty,saksham59@example.org,02510940567,Ajman,2024-11-04
CUST-10184,Christopher Karnik,dipta28@example.net,06461483201,Ajman,2024-07-22
CUST-10185,Netra Sunder,behllajita@example.org,08130346075,Dubai,2024-07-01
CUST-10186,Jagat Tella,gavinvarkey@example.net,9700357374,Sharjah,2025-12-14
CUST-10187,Frederick Sengupta,aarinidivan@example.com,+914865041000,Sharjah,2025-05-26
CUST-10188,Udant Balay,ppalla@example.net,0687861875,Dubai,2024-12-08
CUST-10189,Shaurya Sunder,maneaadhya@example.org,06635064060,Abu Dhabi,2026-04-26
CUST-10190,Veer Golla,mahika94@example.com,9497010839,Dubai,2024-12-14
CUST-10191,Qushi Gade,fsehgal@example.org,+916264217531,Dubai,2025-12-24
CUST-10192,Agastya Mander,kibeayaan@example.net,02076955777,Sharjah,2025-12-12
CUST-10193,Samuel Narain,rmutti@example.org,+915437251475,Sharjah,2026-04-02
CUST-10194,Mohammed Mallick,pnadkarni@example.com,02298049634,Dubai,2026-04-24
CUST-10195,Pahal Agarwal,jason74@example.net,+913087679640,Sharjah,2026-04-10
CUST-10196,Imaran Mohanty,haritakar@example.org,6972006685,Sharjah,2024-07-02
CUST-10197,Maanav Bali,devanshsheth@example.com,9348498228,Sharjah,2024-10-17
CUST-10198,Advay Deep,shettymugdha@example.org,6007978557,Ajman,2025-12-19
CUST-10199,Aarna Ahluwalia,surivasatika@example.org,+919754629226,Ajman,2025-09-07
CUST-10200,Vrinda Saraf,azad47@example.com,4459086027,Sharjah,2025-10-27
CUST-10201,Advika Yohannan,panditekanta@example.net,09649827190,Sharjah,2025-07-03
CUST-10202,Daksha Dalal,unarayan@example.org,+915364756806,Dubai,2025-10-31
CUST-10203,Fariq Bhargava,mmalhotra@example.org,06716709048,Dubai,2024-08-01
CUST-10204,Oscar Basu,tdara@example.net,04542569661,Sharjah,2025-04-08
CUST-10205,Leena Krishnan,rajaoeshi@example.net,2974095073,Dubai,2025-09-21
CUST-10206,Ikbal Setty,rachanagola@example.com,+914808678562,Abu Dhabi,2025-12-12
CUST-10207,Aayush Mani,ansh39@example.net,01653919272,Dubai,2025-04-03
CUST-10208,Aayush Mutti,smallick@example.net,+913783972645,Abu Dhabi,2025-12-02
CUST-10209,Jagdish Krishna,kallajanya@example.org,8469697708,Dubai,2025-11-04
CUST-10210,Aahana Kalita,shankarvidhi@example.net,8737092806,Abu Dhabi,2026-01-04
CUST-10211,Vivaan Toor,divya24@example.net,+912721674939,Sharjah,2026-04-21
CUST-10212,Veda Zachariah,chamelide@example.org,1292712896,Abu Dhabi,2024-08-15
CUST-10213,Yauvani Golla,kavya14@example.com,06764642847,Abu Dhabi,2024-10-22
CUST-10214,Eta Mane,memonlakshmi@example.org,+911800915320,Dubai,2026-02-22
CUST-10215,Maanas Chawla,sachdevchaitanya@example.com,05111229833,Sharjah,2025-12-30
CUST-10216,Yashica Cherian,zachariahwatika@example.net,02129963893,Dubai,2024-12-13
CUST-10217,Samesh Dugar,gaurangahluwalia@example.org,+916555787750,Ajman,2024-08-31
CUST-10218,Praneel Anand,sahnirachana@example.com,7039967318,Dubai,2024-06-01
CUST-10219,Umang Naik,vmital@example.net,+918296292268,Sharjah,2025-04-13
CUST-10220,Tanay Mane,adyagara@example.net,+913603255034,Ajman,2025-04-18
CUST-10221,Shravya Mand,gautamkrish@example.com,1090180961,Ajman,2026-03-13
CUST-10222,Pahal Rattan,yashagarwal@example.net,1810991421,Abu Dhabi,2024-09-20
CUST-10223,Pallavi Varty,vivaanhegde@example.com,04800446529,Sharjah,2024-09-18
CUST-10224,Urvashi Shan,ypalla@example.org,+914767687142,Abu Dhabi,2025-10-28
CUST-10225,Utkarsh Ahuja,setheshana@example.org,+910278136272,Ajman,2024-12-03
CUST-10226,Harrison Bir,lekha45@example.net,6789786742,Ajman,2025-03-09
CUST-10227,Aashi Rajagopal,dbhasin@example.com,5539110340,Dubai,2026-02-15
CUST-10228,Ekiya Morar,nilimabawa@example.org,+914729777996,Abu Dhabi,2024-12-23
CUST-10229,Arunima Randhawa,sanghvichakradev@example.com,+912579396100,Ajman,2024-08-18
CUST-10230,Hritik Peri,bhandarisamesh@example.com,00517960278,Ajman,2025-09-29
CUST-10231,Aayush Devi,girindrasaha@example.net,+912583146253,Abu Dhabi,2025-08-15
CUST-10232,Advika Swamy,devansh82@example.net,03327475626,Dubai,2024-10-10
CUST-10233,Anay Singhal,nidhi43@example.com,+913736629134,Abu Dhabi,2025-12-02
CUST-10234,Anjali Rana,ijayabhavsar@example.net,7336957346,Abu Dhabi,2024-09-02
CUST-10235,Patrick Munshi,yoshitachhabra@example.com,4082713958,Abu Dhabi,2024-06-08
CUST-10236,Agastya Shenoy,uchanda@example.net,+916801280954,Dubai,2024-12-20
CUST-10237,Leena Varkey,tankchanchal@example.org,+918967531338,Sharjah,2026-03-20
CUST-10238,Tanveer Saran,sachi20@example.org,00495696213,Sharjah,2026-03-30
CUST-10239,Balhaar Sur,xnair@example.net,06818740519,Ajman,2025-03-20
CUST-10240,Azad Bansal,onkaroommen@example.com,+917559505616,Abu Dhabi,2026-04-10
CUST-10241,Osha Gill,sneha98@example.org,9315590780,Abu Dhabi,2025-11-26
CUST-10242,Keya Lad,bhallachatresh@example.org,1871973032,Abu Dhabi,2024-11-25
CUST-10243,Krishna Shankar,radhika24@example.com,6056111500,Ajman,2024-07-25
CUST-10244,Bimala Sane,raghavbains@example.net,8681150290,Sharjah,2026-04-06
CUST-10245,Keya Konda,dsahni@example.net,04672573770,Dubai,2025-02-22
CUST-10246,Vinaya Natt,nidhi51@example.com,1974830370,Dubai,2025-01-26
CUST-10247,Mugdha Bhatti,eesha17@example.org,5861400488,Ajman,2024-09-30
CUST-10248,Warda Sani,sachidara@example.org,+918037946463,Ajman,2025-05-19
CUST-10249,Luke Sabharwal,rameshgabriel@example.org,01621929257,Ajman,2025-11-03
CUST-10250,Laksh Kara,pallaomkaar@example.org,07404932363,Ajman,2025-09-07
CUST-10251,Tanish Brar,riadani@example.org,4565539167,Abu Dhabi,2026-01-16
CUST-10252,Eta Brar,william27@example.org,6458152512,Abu Dhabi,2024-11-20
CUST-10253,Siya Char,girik28@example.com,8562013263,Dubai,2025-12-16
CUST-10254,Wahab Saha,qmand@example.org,+913171566069,Ajman,2024-08-17
CUST-10255,Wahab Puri,anmolkala@example.net,05959549871,Dubai,2024-05-05
CUST-10256,Ishaan Shetty,kritikapanchal@example.net,+913633194996,Abu Dhabi,2025-12-27
CUST-10257,Nachiket Sarna,wbhat@example.org,+919830458753,Dubai,2025-08-05
CUST-10258,Vedhika Sem,balhaar53@example.com,7367085731,Sharjah,2025-04-16
CUST-10259,Krisha Radhakrishnan,radhahans@example.net,3218821039,Sharjah,2024-09-09
CUST-10260,Nimrat Srinivasan,devkoshy@example.com,+918899292769,Ajman,2026-03-28
CUST-10261,Fariq Bath,krishnaloke@example.net,+917114952351,Ajman,2025-09-10
CUST-10262,Hardik Om,jbuch@example.org,05775834249,Sharjah,2024-10-13
CUST-10263,Neelima Chakrabarti,ssekhon@example.net,07178432052,Dubai,2025-03-10
CUST-10264,Gavin Vala,lakshmichaudhuri@example.net,3796318631,Sharjah,2026-02-16
CUST-10265,Karan Kunda,raghavanmason@example.net,4958090294,Sharjah,2025-03-01
CUST-10266,Aarush Shenoy,uvig@example.net,+917250429320,Ajman,2026-04-03
CUST-10267,Janaki Nori,damyanti02@example.org,+911816433449,Ajman,2025-08-05
CUST-10268,Adweta Bandi,maxbansal@example.com,7142205760,Ajman,2024-12-22
CUST-10269,Faqid Nayak,mugdhadani@example.org,02004668031,Sharjah,2025-10-10
CUST-10270,Indrajit Dutt,narayananamaira@example.com,3232220409,Ajman,2025-05-07
CUST-10271,Caleb Dasgupta,anyaahuja@example.net,1476127068,Ajman,2026-02-20
CUST-10272,Hiral Dua,labanchokshi@example.com,+918611579336,Ajman,2024-06-09
CUST-10273,Chandran Johal,ebumb@example.org,2613533041,Abu Dhabi,2025-07-31
CUST-10274,Abhiram Keer,shethlogan@example.net,9728668542,Ajman,2024-07-03
CUST-10275,Ekani Minhas,mpalan@example.com,5401382649,Abu Dhabi,2025-09-28
CUST-10276,Aarnav Mistry,nhalder@example.com,5150457346,Ajman,2024-10-08
CUST-10277,Ucchal Raju,lkari@example.com,9067594072,Ajman,2024-12-08
CUST-10278,Tripti Barad,murthykrish@example.com,06511613829,Sharjah,2026-04-17
CUST-10279,Vrinda Patla,vedanthayer@example.net,+910260988371,Dubai,2024-08-09
CUST-10280,Gopal Pradhan,snagar@example.com,5421532438,Sharjah,2025-11-06
CUST-10281,Tanvi Kata,aaravpalan@example.org,06145790748,Abu Dhabi,2026-02-21
CUST-10282,Aditya Mohan,chakrabartireva@example.com,4189653053,Sharjah,2024-05-13
CUST-10283,Finn Sangha,ekanichauhan@example.com,8491610808,Dubai,2024-10-13
CUST-10284,Yatin Kothari,nadigpraneel@example.net,4745562425,Ajman,2024-06-29
CUST-10285,Lopa Subramanian,bandiaarini@example.org,09726854440,Abu Dhabi,2026-02-04
CUST-10286,Abhimanyu Oak,matthew10@example.org,4752999881,Sharjah,2024-09-01
CUST-10287,Reva Chacko,aayush88@example.com,+918324468047,Ajman,2024-08-14
CUST-10288,Rachana Khosla,lalashaurya@example.com,+915909175206,Abu Dhabi,2026-04-29
CUST-10289,Jason Walla,ranveerbahl@example.com,8578911852,Sharjah,2024-08-03
CUST-10290,Gautami Sem,gaurangisama@example.com,+911104267180,Sharjah,2024-06-02
CUST-10291,Zashil Badami,sekhonekalinga@example.com,06378064495,Dubai,2025-09-09
CUST-10292,Darpan Bora,rushil04@example.com,5596235299,Sharjah,2025-07-08
CUST-10293,Brinda Sampath,naveen16@example.net,+918827685878,Abu Dhabi,2024-06-13
CUST-10294,Urvi Doctor,jackkhanna@example.net,06284580022,Ajman,2024-06-17
CUST-10295,Tarak Arora,kavya99@example.net,0670216116,Ajman,2024-07-20
CUST-10296,Vasudha Kohli,tejasnatt@example.net,+912857613501,Ajman,2025-09-12
CUST-10297,Yash Oommen,rajbhanumati@example.org,+917970570447,Ajman,2024-11-27
CUST-10298,Udyati Patil,warhihayre@example.org,07597921509,Dubai,2025-11-05
CUST-10299,Manan Krishnan,wakeeta90@example.com,04592127545,Sharjah,2026-04-23
CUST-10300,Tripti Reddy,chakrabortyanvi@example.org,1367355989,Dubai,2024-10-03
CUST-10301,Kabir Dhar,pallafinn@example.net,08120177279,Dubai,2025-02-08
CUST-10302,Aarnav Palan,ramansimon@example.com,7669561230,Ajman,2025-02-18
CUST-10303,Chasmum Khalsa,indalidada@example.org,4996357896,Dubai,2026-01-04
CUST-10304,Siya Bath,parth88@example.net,+911344345031,Ajman,2025-04-15
CUST-10305,Aradhana Pant,madanzarna@example.org,+919627640463,Dubai,2024-12-10
CUST-10306,Yamini Kibe,manioviya@example.org,01264234518,Ajman,2025-11-04
CUST-10307,Logan Iyer,frado60@example.org,+910058317543,Abu Dhabi,2024-09-23
CUST-10308,Jonathan Gera,faraskrishna@example.org,03623643984,Abu Dhabi,2025-12-03
CUST-10309,Vincent Palla,victorbanik@example.org,09904898721,Sharjah,2025-09-08
CUST-10310,Simon Mahal,ganga72@example.org,05911261771,Abu Dhabi,2024-12-19
CUST-10311,Lucky Bawa,samuelshankar@example.net,4625445743,Sharjah,2026-01-07
CUST-10312,Januja Naik,azadwalia@example.net,4925435402,Abu Dhabi,2025-04-22
CUST-10313,Maanav Swaminathan,wsarma@example.org,+912746197417,Sharjah,2025-11-27
CUST-10314,Theodore Sharma,kumargaurang@example.net,06036516275,Dubai,2025-01-24
CUST-10315,Urishilla Dass,warda34@example.org,02272763390,Abu Dhabi,2026-02-01
CUST-10316,Charita Pai,maanav53@example.com,1918666791,Sharjah,2026-04-19
CUST-10317,Ranveer Menon,chakrabortyaahana@example.org,08143927392,Dubai,2025-01-19
CUST-10318,Chaitaly Mishra,mbhalla@example.com,0650582885,Abu Dhabi,2024-12-30
CUST-10319,Keya Oak,rajeshri14@example.com,8524321210,Ajman,2024-10-22
CUST-10320,Raghav Mahal,chandanisodhi@example.com,+915155070170,Abu Dhabi,2024-05-22
CUST-10321,Jacob Kala,wardanair@example.com,8377700821,Dubai,2025-10-17
CUST-10322,Chaaya Venkataraman,simon61@example.com,6043900990,Sharjah,2024-08-15
CUST-10323,Dalaja Chawla,tanishmurthy@example.org,01744459230,Dubai,2025-06-10
CUST-10324,Prisha Dube,sinhacharita@example.org,4380054804,Dubai,2024-08-14
CUST-10325,Libni Virk,nsaxena@example.com,04650070196,Abu Dhabi,2025-06-09
CUST-10326,Urvi Baria,jkorpal@example.net,+919360437913,Dubai,2024-05-02
CUST-10327,Utkarsh Jani,siyengar@example.com,4383732932,Dubai,2024-05-02
CUST-10328,Charita Rai,ishita63@example.net,5495226936,Abu Dhabi,2025-04-19
CUST-10329,Abdul Rai,harieta@example.org,3024458650,Ajman,2025-06-12
CUST-10330,Indali Sane,abhimanyu40@example.org,0459323434,Sharjah,2025-03-02
CUST-10331,Dayamai Palla,lchana@example.net,02746161137,Abu Dhabi,2025-06-29
CUST-10332,Leela Chandran,gdugar@example.com,06258538335,Dubai,2025-08-12
CUST-10333,Kala Krishna,nachiket15@example.org,+910544919205,Sharjah,2026-03-07
CUST-10334,Bahadurjit Muni,gautamwali@example.com,06174834527,Ajman,2024-07-31
CUST-10335,Vihaan Palla,njayaraman@example.com,00939575851,Sharjah,2025-05-02
CUST-10336,Nimrat Nadig,xgaba@example.com,07244593413,Sharjah,2024-11-10
CUST-10337,Faraj Thaman,paninidhar@example.com,0545474930,Abu Dhabi,2026-05-02
CUST-10338,Yashoda Narula,guneet21@example.com,+916493115504,Sharjah,2025-10-02
CUST-10339,Chaaya Loyal,borramaya@example.org,09263102412,Abu Dhabi,2024-12-02
CUST-10340,Aayush Shetty,ydube@example.org,+910717205495,Sharjah,2024-10-16
CUST-10341,Ati Mukherjee,xwadhwa@example.org,+918432298378,Dubai,2024-09-26
CUST-10342,Lohit Vaidya,chanchalsahni@example.org,01521330883,Sharjah,2024-10-27
CUST-10343,Inaya Mishra,ekantabiswas@example.net,+916867712485,Sharjah,2026-02-15
CUST-10344,Vedhika Soni,xchandra@example.net,7533808626,Ajman,2024-12-24
CUST-10345,Vasudha Balakrishnan,xde@example.net,9602012479,Abu Dhabi,2025-07-15
CUST-10346,Sudiksha Srinivasan,ukala@example.net,01024077927,Sharjah,2025-09-02
CUST-10347,Chatura Thakkar,xmahajan@example.com,+914575851921,Ajman,2026-02-15
CUST-10348,Widisha Dara,anikanatt@example.org,+910033886187,Ajman,2024-09-27
CUST-10349,Lakshmi Chand,aayush06@example.com,+916095364545,Ajman,2026-02-15
CUST-10350,Raagini Parmer,boratamanna@example.org,+910728562154,Dubai,2025-06-06
CUST-10351,Udarsh Merchant,wakeetarana@example.com,00959622172,Abu Dhabi,2025-11-15
CUST-10352,Oliver Bobal,waida87@example.net,9549617166,Sharjah,2024-11-05
CUST-10353,Mahika Raja,ekaja09@example.net,8980133930,Ajman,2024-10-01
CUST-10354,Yagnesh Sant,xthakkar@example.net,+914158191332,Ajman,2025-06-04
CUST-10355,Amruta Dani,gaurika73@example.org,09275505018,Ajman,2025-09-10
CUST-10356,Neha Hora,avaidya@example.net,+918270731006,Sharjah,2025-09-06
CUST-10357,Onveer Sidhu,atharvpalla@example.net,+911210984516,Abu Dhabi,2026-04-18
CUST-10358,Gaurika Sastry,gtailor@example.net,+913795413551,Abu Dhabi,2025-11-05
CUST-10359,Ria Doshi,chandkrish@example.com,02329178414,Dubai,2024-06-18
CUST-10360,Faqid Lata,eparikh@example.net,4547290243,Dubai,2025-03-15
CUST-10361,Krishna Lalla,henry66@example.net,3358752220,Dubai,2024-08-13
CUST-10362,Jeevika Nath,neelima26@example.com,05179107458,Sharjah,2025-03-24
CUST-10363,Vanya Sampath,ajohal@example.net,5096288969,Sharjah,2025-01-22
CUST-10364,Bhavini Shan,priyarout@example.org,06881722499,Sharjah,2024-12-27
CUST-10365,Ikshita Acharya,vinayasura@example.net,04068180905,Ajman,2024-07-02
CUST-10366,Yatin Bumb,tarakbora@example.com,09340906200,Sharjah,2025-06-05
CUST-10367,Diya Swamy,bailsaanvi@example.com,2888225102,Sharjah,2024-08-09
CUST-10368,Kamala Salvi,fitan04@example.org,5541085155,Ajman,2024-05-23
CUST-10369,Harsh Morar,upkaar72@example.com,04409401182,Dubai,2026-04-19
CUST-10370,Zaitra Sibal,darsh98@example.net,5620931757,Dubai,2025-03-30
CUST-10371,Ekta Wadhwa,vyasvaishnavi@example.com,03468440980,Sharjah,2025-01-01
CUST-10372,Lakshit Grover,oommendhruv@example.com,8058182729,Sharjah,2025-03-17
CUST-10373,Aarnav Sahota,kurianturvi@example.org,00609676987,Ajman,2026-02-22
CUST-10374,Dalbir Walla,thamanvidhi@example.com,09326956172,Ajman,2025-06-22
CUST-10375,Tristan Desai,veda72@example.net,08772107230,Dubai,2026-03-19
CUST-10376,Netra Bhardwaj,prashadgaurika@example.com,+912275776034,Ajman,2025-05-12
CUST-10377,Yahvi Manne,maya42@example.com,+910720656892,Dubai,2025-08-16
CUST-10378,Yagnesh Chahal,dattaabha@example.com,2015880697,Abu Dhabi,2024-08-24
CUST-10379,Sanaya Kurian,sacharlibni@example.net,0580267999,Ajman,2025-07-20
CUST-10380,Yuvraj Sharaf,fariq00@example.org,8118927139,Dubai,2025-02-25
CUST-10381,Eshana Toor,dhegde@example.com,2532326503,Abu Dhabi,2026-03-22
CUST-10382,Chaitanya Borah,mangatchanchal@example.com,06596416376,Ajman,2025-04-20
CUST-10383,Nandini Bali,nakshanne@example.com,+917545491356,Sharjah,2025-04-17
CUST-10384,Bhavani Suri,ktailor@example.net,07715793111,Sharjah,2025-08-06
CUST-10385,Jack Dave,varmaishaan@example.org,0599443258,Ajman,2026-03-02
CUST-10386,Benjamin Keer,gayathriaggarwal@example.org,7055263490,Ajman,2024-11-01
CUST-10387,Ranveer Bassi,uvarughese@example.com,+911368059305,Abu Dhabi,2025-03-25
CUST-10388,Zehaan Malhotra,krishnahemani@example.org,+918350770763,Sharjah,2025-07-17
CUST-10389,Dipta Hari,gsetty@example.com,+912592516190,Abu Dhabi,2026-04-21
CUST-10390,Niharika Prabhakar,jonathan81@example.org,02173644214,Ajman,2025-12-14
CUST-10391,Xiti Ray,aaravvarughese@example.com,8364006703,Dubai,2025-06-16
CUST-10392,Hemani Deep,ishaan85@example.org,5253219497,Abu Dhabi,2025-11-10
CUST-10393,Jacob Chauhan,cbansal@example.com,00904891388,Dubai,2026-01-23
CUST-10394,Omaja Bumb,tdeshmukh@example.org,+913127400548,Ajman,2026-03-26
CUST-10395,Qushi Sur,urmiacharya@example.net,08917111579,Dubai,2025-01-28
CUST-10396,Samuel Patla,shroffgirish@example.net,+910763465528,Abu Dhabi,2024-08-30
CUST-10397,Neha Rai,sastryanvi@example.net,02701640352,Dubai,2025-04-27
CUST-10398,Chanchal Raval,krish07@example.com,05265310838,Ajman,2025-12-21
CUST-10399,Anusha Kothari,rravel@example.com,02071470030,Sharjah,2025-08-30
CUST-10400,Abdul Chhabra,tristanrout@example.net,06694195776,Ajman,2025-10-19
CUST-10401,Advik Tara,ishitachandra@example.net,+911476225055,Sharjah,2025-06-06
CUST-10402,Mitali Parikh,zaitra39@example.net,02188470401,Dubai,2025-08-04
CUST-10403,Baghyawati Sheth,vasatikakhalsa@example.net,4460124971,Ajman,2025-11-24
CUST-10404,Sara Khanna,auroraadvika@example.com,00021990590,Ajman,2025-01-18
CUST-10405,Gauri Varughese,bawaoliver@example.org,07225308242,Ajman,2025-10-20
CUST-10406,Yashasvi Wable,hbedi@example.org,+910553584561,Dubai,2025-05-01
CUST-10407,Aarna Rastogi,knagar@example.com,5586585349,Abu Dhabi,2025-06-03
CUST-10408,Sachi Lall,kmisra@example.net,+917559309834,Ajman,2025-05-21
CUST-10409,Reva Ganesan,wbhat@example.net,06279016433,Abu Dhabi,2025-06-06
CUST-10410,Advay Varghese,avinarula@example.net,+915722592869,Sharjah,2024-09-06
CUST-10411,Aarav Mandal,harish02@example.com,02628170257,Ajman,2025-05-14
CUST-10412,Yug Goswami,vsharaf@example.org,0148724134,Dubai,2024-12-18
CUST-10413,Lucky Dayal,sidhugavin@example.org,6146605349,Dubai,2025-03-20
CUST-10414,Yutika Mander,chakradhar16@example.com,5406659155,Abu Dhabi,2025-08-24
CUST-10415,Riya Shankar,ikbal94@example.com,6175843744,Abu Dhabi,2025-02-04
CUST-10416,Geetika Pillai,rakshakakar@example.org,09587301007,Abu Dhabi,2025-07-21
CUST-10417,Eta Dhingra,omkaarlata@example.com,+915667622956,Sharjah,2025-09-22
CUST-10418,Gaurav Narula,pavani82@example.net,05099621480,Ajman,2024-05-06
CUST-10419,Samesh Koshy,sundarambarkha@example.net,3796972787,Ajman,2025-05-26
CUST-10420,Forum Dugal,janitristan@example.net,05060282602,Ajman,2024-06-02
CUST-10421,Yochana Uppal,matthewganguly@example.com,03520027205,Sharjah,2025-07-17
CUST-10422,Ira Parmer,devikatailor@example.net,9279932440,Ajman,2025-01-26
CUST-10423,Madhav Dasgupta,epurohit@example.com,+919282265687,Sharjah,2025-09-23
CUST-10424,Balvan Cherian,abhiramnagy@example.net,+915925695888,Dubai,2024-06-01
CUST-10425,Yachana Savant,rakshakunda@example.net,7126878441,Ajman,2025-10-17
CUST-10426,Xiti Chander,parekhjeet@example.org,05606739976,Sharjah,2024-07-26
CUST-10427,Yash Borah,thakermaya@example.com,8595084618,Dubai,2025-06-13
CUST-10428,Siya Khatri,maanav38@example.net,7002334377,Dubai,2024-12-13
CUST-10429,Baljiwan Patla,misrabalvan@example.net,04722567043,Sharjah,2025-07-01
CUST-10430,Aashi Rattan,wyattparmer@example.net,02657998566,Abu Dhabi,2024-09-14
CUST-10431,Janani Subramanian,geetikarandhawa@example.com,0905062395,Abu Dhabi,2024-10-12
CUST-10432,Nicholas Vala,nilima80@example.com,1145891761,Sharjah,2024-12-11
CUST-10433,Mitesh Narain,tailorvyanjana@example.org,04327508993,Dubai,2025-10-27
CUST-10434,Abdul Mannan,chaudryreva@example.com,+910099053156,Abu Dhabi,2024-12-10
CUST-10435,Teerth Yogi,ybutala@example.org,2204790227,Abu Dhabi,2025-02-06
CUST-10436,Vedant Chacko,meghapandit@example.com,+912194753931,Abu Dhabi,2025-07-20
CUST-10437,Mohammed Gara,nathan01@example.org,2695987816,Sharjah,2025-03-02
CUST-10438,Netra Grewal,leela16@example.com,00223933382,Dubai,2025-10-28
CUST-10439,Yochana Natarajan,xwable@example.org,08142578901,Abu Dhabi,2025-12-07
CUST-10440,Aarna Agarwal,jacobchana@example.com,+919117338327,Abu Dhabi,2025-09-02
CUST-10441,Samar Handa,ukhosla@example.org,02948847592,Dubai,2024-06-19
CUST-10442,Champak Ranganathan,rnarain@example.com,0786755504,Dubai,2024-10-22
CUST-10443,Jasmit Bakshi,ayushswaminathan@example.com,08035551378,Dubai,2025-02-05
CUST-10444,Qushi Walla,oeshibanik@example.org,07225073541,Abu Dhabi,2025-11-29
CUST-10445,Ekta Subramanian,baljiwanchakrabarti@example.com,6964375574,Dubai,2025-08-24
CUST-10446,Bakhshi Iyengar,dvohra@example.org,01014689574,Sharjah,2025-04-15
CUST-10447,Shivansh Parekh,ubikasani@example.com,+911478944847,Abu Dhabi,2025-05-11
CUST-10448,Ekiya Hora,biswassarthak@example.com,07807975494,Sharjah,2025-09-26
CUST-10449,Oviya More,tejaskadakia@example.net,3794658549,Sharjah,2025-01-16
CUST-10450,Yachana Grover,matthew96@example.com,5365776800,Dubai,2025-11-19
CUST-10451,Arunima Ravi,omajachaudhari@example.org,4644357590,Ajman,2024-05-23
CUST-10452,Yatin Upadhyay,onanda@example.org,1021612041,Sharjah,2024-07-31
CUST-10453,Raagini Pingle,nbrar@example.com,03549289730,Dubai,2024-09-23
CUST-10454,Urmi Balakrishnan,dalaja66@example.org,6918538507,Abu Dhabi,2025-03-12
CUST-10455,Onveer Chowdhury,devihemangini@example.com,07032769247,Dubai,2024-07-03
CUST-10456,Logan Aggarwal,daksha68@example.com,9562084208,Ajman,2025-07-28
CUST-10457,Michael Mahal,yagnesh34@example.com,09807236412,Dubai,2025-09-02
CUST-10458,Faris Issac,amaira01@example.org,7634238616,Dubai,2026-01-12
CUST-10459,Lohit Arora,samijasmit@example.com,08969593006,Ajman,2026-04-30
CUST-10460,Zaid Jani,upadhriti75@example.net,+917414773626,Dubai,2024-09-09
CUST-10461,Gabriel Bora,zaidvirk@example.net,8843342711,Abu Dhabi,2025-05-19
CUST-10462,Nidhi Dara,chatura84@example.org,08292034145,Dubai,2024-11-11
CUST-10463,Kamya Bail,ijayashukla@example.net,04684836214,Sharjah,2024-06-16
CUST-10464,Qadim Doshi,chandradalbir@example.org,+918109451383,Ajman,2026-04-05
CUST-10465,Naveen Virk,warhigaba@example.com,09348064438,Abu Dhabi,2025-09-02
CUST-10466,Agastya Mand,calebchokshi@example.org,+918807261401,Ajman,2025-08-23
CUST-10467,Warinder Kota,wchoudhury@example.org,5373945210,Dubai,2025-02-12
CUST-10468,Mitesh Raju,narangchaitanya@example.net,+915971057448,Sharjah,2025-12-26
CUST-10469,Nandini Puri,qtiwari@example.org,08505325165,Dubai,2026-05-02
CUST-10470,Ayaan Venkatesh,chaudhuritanmayi@example.net,2417358719,Dubai,2026-04-12
CUST-10471,Hritik Raval,kritikabuch@example.net,+914246665942,Ajman,2024-10-19
CUST-10472,Ekansh Bhatti,pratyushhalder@example.net,03349237400,Dubai,2024-10-26
CUST-10473,Gaurang Kumar,kevindin@example.net,6697217567,Sharjah,2025-07-20
CUST-10474,Ryan Dugar,meeraprakash@example.org,+917764917784,Dubai,2025-11-24
CUST-10475,Reva Mukhopadhyay,brindade@example.com,+912685914020,Abu Dhabi,2025-06-24
CUST-10476,Warinder Padmanabhan,zayyan26@example.net,+916316131609,Ajman,2025-10-27
CUST-10477,Riya Comar,chahalbishakha@example.org,07964209362,Sharjah,2025-03-19
CUST-10478,Barkha Dhawan,kibeniharika@example.com,+910553110933,Sharjah,2025-04-06
CUST-10479,Anirudh Pall,nkashyap@example.org,+910821736033,Ajman,2025-10-20
CUST-10480,Divya Singhal,sneha05@example.net,+918693934496,Sharjah,2026-02-09
CUST-10481,Mitali Mall,yug62@example.net,05488481126,Dubai,2024-05-26
CUST-10482,Reyansh Chaudhuri,akshay16@example.net,7183558490,Sharjah,2024-08-06
CUST-10483,Dhruv Mukherjee,ghosemugdha@example.com,0975795619,Abu Dhabi,2025-03-17
CUST-10484,Jack Bhakta,parth20@example.com,+917892143223,Dubai,2024-06-09
CUST-10485,Anirudh Bhavsar,darpandani@example.net,+912073155809,Abu Dhabi,2024-11-10
CUST-10486,Anita Mukherjee,bmanne@example.org,7033981144,Dubai,2025-09-06
CUST-10487,Ekaja Bansal,choudharykashvi@example.net,06139935679,Abu Dhabi,2026-04-27
CUST-10488,Fiyaz Chaudhry,davidperi@example.org,+910840011706,Ajman,2024-12-31
CUST-10489,Ekanta Wali,dubeayushman@example.net,2151342178,Abu Dhabi,2025-09-29
CUST-10490,Max Comar,rehaan73@example.net,1829946677,Ajman,2025-06-17
CUST-10491,Ekanta Johal,charita82@example.org,07616491245,Abu Dhabi,2025-10-02
CUST-10492,Yatan Nagarajan,krishnaanne@example.com,07321233964,Ajman,2024-08-17
CUST-10493,Tamanna Sani,tejas86@example.com,9090584829,Abu Dhabi,2024-05-13
CUST-10494,Dev Shukla,ugera@example.org,05696093807,Sharjah,2026-03-03
CUST-10495,Sachi Sandal,xsule@example.com,+918807022771,Ajman,2024-06-26
CUST-10496,Falan Rama,chakradharkalla@example.net,+918007542508,Sharjah,2025-09-08
CUST-10497,Yahvi Balasubramanian,nikita61@example.org,+911090934980,Dubai,2025-03-05
CUST-10498,Hredhaan Chad,dalalhitesh@example.com,+912950814942,Sharjah,2026-03-12
CUST-10499,Gunbir Prashad,taraanne@example.com,+911538276163,Ajman,2024-06-26
